sentiment,headline
positive,Funding for New Product Release in April New Products to be released in April. Corporation Group Secures Funding from New Product
positive,Hel Announces Major Partnership with Capital Investors. Finnish-Finnish Firm Hel announces Major Partnership with Capital
positive,Reports Continued Growth Despite Market Challenges Industrial Equipment Maker Reports Keeps Growing Despite Industry Challenges
positive,Funding for New Product Release in April New Products to be released in April. Corporation Group Secures Funding from New Product
positive,Hel Announces Major Partnership with Capital Investors. Finnish-Finnish Firm Hel Annouces Major Partnership With Capital
positive,Reports Continued Growth Despite Market Challenges Industrial Equipment Maker Reports Keeps Growing Despite Industry Challenges
positive,Funding for New Product Release in April New Products to be released in April. Corporation Group Secures Funding from New Product
positive,Hel Announces Major Partnership with Capital Investors. Finnish-Finnish Firm Hel announces Major Partnership with Capital
positive,Lead to Major Equipment Deal as Oyj Negotiations Lead to Stock Surge as OYJ Negotations Lead
positive,Lead to Major Equipment Deal as Oyj Negotiations Lead to Stock Surge as OYJ Negotations Lead
positive,Funding for New Product Release in April. Corporation Group Secures Funding to Develop New Products in May. The Corporation Group secures
positive,Expansion of Operations with Strong Capital Investment. Finnish Corporation Announces Expande of Operations.
positive,Reports Continued Growth Despite Market Challenges Industrial Equipment Maker Reports Keeps Growing Despite Industry Challenges
positive,Hel Announces Major Partnership with Capital Investors. Finnish-Finnish Firm Hel announces Major Partnership with Capital
positive,Expansion of Operations with Strong Capital Investment. Finnish Corporation Announces Expande of Operations.
negative,Declining Stock Prices Amid Market Uncertainty Group Concerned Over Declining Stock Prices Among Other Factors
negative,Declining Stock Prices Amid Market Uncertainty Group Concerned Over Declining Stock Prices Among Other Issues
negative,as Corporation Announces Major Equipment Recall. Stock Drops as Corporation Anounces Larger Equipment recall.
negative,Over Declining Stock Prices Amid Market Uncertainty Group Concerned Over Decrementing Stock Prices Despite Uncertain
negative,Over Declining Stock Prices Amid Market Uncertainty Group Concerned Over Decrementing Stock Prices Despite Uncertain
negative,Break Down Between Capital Investors and Finnish Makers of Finland. Break Down During NGO Negotiations Breakdown Between Fund Investors
negative,Over Declining Stock Prices Amid Market Uncertainty Group Concerned Over Declining Stock Prices Among Other Issues
negative,Oyj Faces Delays in Operations Due to Failed Negotiations. Finnish Oyja Fails to Operate Due to
negative,as Corporation Announces Major Equipment Recall. Stock Drops as Corporation Anounces Larger Equipment recall.
negative,Oyj Faces Delays in Operations Due to Failed Negotiations. Finnish Oyja Fails to Operate Due to
negative,as Corporation Announces Major Equipment Recall. Stock Drops as Corporation Anounces Larger Equipment recall.
negative,Break Down Between Capital Investors and Finnish Makers. Break Down During NGO Negotiations Breakdown Between Finns and Capital Investor
negative,Break Down Between Capital Investors and Finnish Makers. Break Down During NGO Negotiations Breakdown Between Finns and Capital Investor
negative,Oyj Faces Delays in Operations Due to Failed Negotiations. Finnish Oyja Fails to Operate Due to
negative,Oyj Faces Delays in Operations Due to Failed Negotiations. Finnish Oyja Fails to Operate Due to
neutral,Stock Performance at Annual Meeting Corporation Group Discusses Stock Performance At Annual Meeting Share Performance at annual meeting Group Discussions on Stock Performance
neutral,Concerning Capital Investment to Continue Next Month. To Continue Narrowing Negotiations Regarding Capital Investment to Continue next Month.
neutral,s New Equipment Release in April. Oyj Announces New Technology Release in May.
neutral,Stock Performance at Annual Meeting Corporation Group Discusses Stock Performance At Annual Meeting Share Performance at annual meeting Group Discussions on Stock Performance
neutral,"Concerning Capital Investment to Continue Next Month. During the next month, NGO Negotiations Relating to Capital Investment will Continue"
neutral,Stock Performance at Annual Meeting Corporation Group Discusses Stock Performance At Annual Meeting Share Performance at annual meeting Corporation Group Annual Meeting
neutral,Finnish Corporation to Review Operations Strategy in Monday Meeting .
neutral,Finnish Corporation to Review Operations Strategy in Monday Meeting .
neutral,s New Equipment Release in April. Oyj Announces New Technology Release in May.
neutral,Concerning Capital Investment to Continue Next Month. NGO Negotiations Regarding Capital Investing to Continue next month.
neutral,Finnish Corporation to Review Operations Strategy in Monday Meeting .
neutral,Finnish Corporation to Review Operations Strategy in Monday Meeting .
neutral,Finnish Corporation to Review Operations Strategy in Monday Meeting .
neutral,Stock Performance After Recent Market Trends. Group to Evaluate Stock Performance after Recent Market Tendencies. Shares of 
neutral,Concerning Capital Investment to Continue Next Month Negotiations Regarding Capital Investing to Continue next month. NGO’s Concerning
positive,"EUR 300mn in Net Profit, Highlighting Strong Year-End Growth, Leading to Strong Return on Investment (ROI) and"
positive,"In Latest EUR Quarterly Report, Sales and Profit Both Increase in Latest EUR Quartal Report."
positive,Operating Profit Surges in EUR as Net Sales Jump 15% Year-over-Year. Operating Profit Swells in EUR As Net Sales
positive,Operating Profit Surges in EUR as Net Sales Jump 15% Year-over-Year. Operating Profit Swells in EUR As Net Sales
positive,"EUR 300mn in Net Profit, Highlighting Strong Year-End Growth, Leading to Strong Return on Investment (ROI) and"
positive,EUR 200mn Net Profit Outpaces Expectations in a Strong Q1 Performance. 1Q1 performance. EUR 200
positive,Operating Profit Surges in EUR as Net Sales Jump 15% Year-over-Year. Operating Profit Swells in EUR As Net Sales
positive,"In Latest EUR Quarterly Report, Sales and Profit Both Increase in Latest EUR QUARTERLY RESULTS."
positive,EUR 500mn Profit Reported as Sales Increase in Latest Quarter - EUR 500Mn profit reported as sales increase in latest quarter 
positive,EUR 200mn Net Profit Outpaces Expectations in a Strong Q1 Performance. 1Q1 performance. EUR 200
positive,"In Latest EUR Quarterly Report, Sales and Profit Both Increase in Latest EUR QUARTERLY RESULTS."
positive,"EUR 300mn in Net Profit, Highlighting Strong Year-End Growth, Leading to Strong year-on-year Growth."
positive,EUR 200mn Net Profit Outpaces Expectations in a Strong Q1 Performance. 1Q1 performance. EUR 200
positive,Operating Profit Surges in EUR as Net Sales Jump 15% Year-over-Year. Operating Profit Swells in EUR As Net Sales
positive,Profit Reported as Sales Increase in Latest Quarter of EUR 500mn - EUR 500Mn profit reported as sales increase in latest quarter
negative,as EUR Sales Fail to Offset Costs in Q3 As EUR Sales Do Not Offset Operating Loss In Q3 as EUR
negative,Total EUR 150mn Due to Weaker Than Expected Net Profits Total EUR 170mn due to Weaker
negative,Negative Profit Growth and EUR Operating Declines Reported in Latest Period – Latest Period – Latest Period –
negative,Total EUR 150mn Due to Weaker Than Expected Net Profits Total EUR 170mn due to Weaker
negative,EUR 50mn Pretax Loss in Corresponding Period Marks a Weak Financial Quarterly. EUR 5mn
negative,Net Loss Recorded Despite Strong Sales in Previous Quarter EUR 100mn Net loss recorded despite strong sales in Next Quarter
negative,as EUR Sales Fail to Offset Costs in Q3 As EUR Sales Do Not Offset Operating Loss Increases as Offset
negative,as EUR Sales Fail to Offset Costs in Q3 As EUR Sales Loss Increases as Offset-Costs Fa
negative,Total EUR 150mn Due to Weaker Than Expected Net Profits Total EUR 170mn due to Weaker
negative,EUR 50mn Pretax Loss in Corresponding Period Marks a Weak Financial Quarterly. EUR 5mn
negative,Total EUR 150mn Due to Weaker Than Expected Net Profits Total EUR 170mn due to Weaker
negative,EUR 50mn Pretax Loss in Corresponding Period Marks a Weak Financial Quarterly. EUR 5mn
negative,EUR 50mn Pretax Loss in Corresponding Period Marks a Weak Financial Quarterly. EUR 25mn
negative,Negative Profit Growth and EUR Operating Declines Reported in Latest Period. EUR Operating Declins Reported as a result of EUR
negative,EUR 50mn Pretax Loss in Corresponding Period Marks a Weak Financial Quarterly. EUR 5mn
neutral,Net Profit and Sales Totals in EUR Align with Corresponding Year Net Profit & Sales totals in USD Align With Cor
neutral,EUR Sales and Net Totals Report Year-on-Year Steady Growth of 2%.
neutral,EUR 100mn in Net Profit Amid Stable Sales Growth.
neutral,EUR 100mn in Net Profit Amid Stable Sales Growth.
neutral,EUR Sales and Net Totals Report Year-on-Year Steady Growth of 2%.
neutral,EUR 100mn in Net Profit Amid Stable Sales Growth.
neutral,EUR EUR Sales Steady at 500mn in Latest Operating Period in Latest Operation Period - EUR 500Mn in
neutral,EUR Sales and Net Totals Report Year-on-Year Steady Growth of 2%.
neutral,Net Profit and Sales Totals in EUR Align with Corresponding Year Net Profit & Sales totals in USD Align With Cor
neutral,EUR 100mn in Net Profit Amid Stable Sales Growth.
neutral,EUR EUR Sales Steady at 500mn in Latest Operating Period in Latest Operation Period - EUR 500Mn in
neutral,EUR 100mn in Net Profit Amid Stable Sales Growth.
neutral,EUR Sales and Net Totals Report Year-on-Year Steady Growth of 2%.
neutral,EUR EUR Sales Steady at 500mn in Latest Operating Period in Latest Operation Period - EUR 500Mn in
neutral,EUR 100mn in Net Profit Amid Stable Sales Growth.
positive,"As Power Units and Technology Services Expand in Europe, New Investments Drive Growth as Power Unit & Technology Services Expansion in Europe"
positive,As Share Prices Rise as Business Development Plan Exceeds Expectations in Q2 as Share Price Increases as Shareholders' Share Prices
positive,As Share Prices Rise as Business Development Plan Exceeds Expectations in Q2 – Earnings Per Share Increase as Business Growth Plan
positive,Shares Rise as Business Development Plan Exceeds Expectations in Q2 as Share Prices Increase as Shares Price Increase as Business Growth Plan
positive,"UPM Reports Strong Recovery in Media and Electronics Unit Following Industry Growth, UPM reports strong recovery in UPM's Media and"
positive,As Share Prices Increase as Business Development Plan Exceeds Expectations in Q2 – Earnings Percentage of Shareholders
positive,"MLN Euro Project Drives Up Manufacturing Output, Boosting Stora Enso’s Annual Growth. ML"
positive,"UPM Reports Strong Recovery in Media and Electronics Unit Following Industry Growth, UPM reports strong recovery in UPM's Media and"
positive,"MLN Euro Project Drives Up Manufacturing Output, Boosting Stora Enso’s Annual Growth. ML"
positive,"As Power Units and Technology Services Expand in Europe, New Investments Drive Growth as Power Unit & Technology Services Expansion in Europe"
positive,"As Power Units and Technology Services Expand in Europe, New Investments Drive Growth as Power Unit Sales Increase in Europe."
positive,Helsinki OMX Index Surges as Nokia Announces New Contract for Technology Services . Helsinki - Nokia Suppresses
positive,As Share Prices Increase as Business Development Plan Exceeds Expectations in Q2 Earnings Percentage of Shares Increases as
positive,Helsinki OMX Index Surges as Nokia Announces New Contract for Technology Services . Helsinki - Nokia Suppresses
positive,Share Prices Rise as Business Development Plan Exceeds Expectations in Q2 as Share Price Increases as Shareholder Values Increase as Business
negative,"as Manufacturing Sector Declines in September as Investments Fall Short of Expectations . September Manufacturing Sector Decreases in September, Manufacturing Sector"
negative,Shares Drop as Paper Sector’s Share Prices Sink as Paper Industry Suffers from Lower End-of-Year Performance. Paper
negative,", Manufacturing Sector Declines in September as Investments Fall Short of Expectations . September Manufacturing Sector Decreases in September As Investments"
negative,Shares Drop as Paper Sector Suffers from Lower End-of-Year Performance. Paper Sector's Share Prices Sink as Paper
negative,Underperform in OMX Market. Nokia Shares Fall as Nokia Technology Contract Expected to Under-perform In OM
negative,4th Quarter Losses Total EUR 300mn Due to High Operating Costs and Decreased Turnover Total EUR 390mn
negative,Shares Drop as Paper Sector Suffers from Lower End-of-Year Performance. Paper Sector's Share Prices Sink as Paper
negative,Sees UPM Media Unit Suffer Decrease in Revenue Amid Global Cuts. Industry Decline Sees UP Media Unit
negative,Shares Drop as Paper Sector's Share Prices Sink as Paper Industry Suffers from Lower End-of-Year Performance. Paper
negative,Shares Drop as Paper Sector Suffers from Lower End-of-Year Performance. Paper Sector's Share Prices Sink as Paper
negative,Sees UPM Media Unit Suffer Decrease in Revenue Amid Global Cuts. Industry Decline Sees UP Media Unit
negative,Underperform in OMX Market. Nokia Shares Fall as Nokia Technology Contract Expected to Under-perform In OM
negative,Losses Total EUR 300mn Due to High Operating Costs and Decreased Turnover.
negative,"as Manufacturing Sector Declines in September as Investments Fall Short of Expectations . September Manufacturing Sector Decreases in September, Manufacturing Sector"
negative,4th Quarter Losses Total EUR 300mn Due to High Operating Costs and Decreased Turnover Total EUR 390mn
neutral,Total Revenue Remains Unchanged Despite Increased Costs in Construction Sector Despite Higher Costs In Construction Sector. Total Revenue
neutral,Total Revenue Remains Unchanged Despite Increased Costs in Construction Sector Despite Higher Costs In Construction Sector. Total Revenue
neutral,Helsinki Companies Post Mixed Results in OMX Index Annual Report for Technology Sector in Technology Sector.
neutral,"by December as Expected, With No Major Impact on Shares. MLN-Euro Project Completed by December As Expecte"
neutral,Fourth Quarter Review Shows No Major Fluctuations in Share Prices or Earnings - Qualified Quarterly Review Show
neutral,Quarterly Management Report Shows Steady Performance in Media and Solutions Units. Quarterly Business Report - Quarterly Results
neutral,Helsinki Companies Post Mixed Results in Annual OMX Index Report for Technology Sector.
neutral,Helsinki Companies Post Mixed Results in Annual OMX Index Report for Technology Sector in Technology Sector . Helsinki-based companies post mixed results in
neutral,Helsinki Companies Post Mixed Results in OMX Index Annual Report for Technology Sector in Technology Sector . Helsinki-based companies post mixed results in
neutral,"by December as Expected, With No Major Impact on Shares. MLN-Euro Project Completed by December As Expecte"
neutral,"by December as Expected, With No Major Impact on Shares. MLN-Euro Project Completed by December As Expecte"
neutral,Helsinki Companies Post Mixed Results in Annual OMX Index Report for Technology Sector in Technology Sector . Helsinki-based companies post mixed results in
neutral,Total Revenue Remains Unchanged Despite Increased Costs in Construction Sector Despite Higher Costs In Construction Sector. Total Revenue
neutral,"by December as Expected, With No Major Impact on Shares. MLN-Euro Project Completed by December As Expecte"
neutral,Quarterly Management Report Shows Steady Performance in Media and Solutions Units.
positive,"Finland Rise Sharply, Bolstering National Economy. Mobile Product Sales in Finland Rise Strong, Boosting Finnish Economy. Reports Show"
positive,Based in the Baltic Region Report Record Profits Amid Strong Demand for Green Energy Solutions Across Baltic Region. Baltic Companies Based in Baltic Region
positive,"Finland Rise Sharply, Bolstering National Economy. Mobile Product Sales in Finland Rise Strong, Bolshering Finnish Economy."
positive,"Finnish Energy Group Expands into Baltic Market, Strengthening Regional Energy Infrastructure Across Baltic Region."
positive,"Set to Boost Local Market, Creating Jobs and Driving Economic Growth in Finland. Finnland Energy Project in Finland Set To Boost"
positive,"Set to Boost Local Market, Creating Jobs and Driving Economic Growth in Finland. Finnland Energy Project in Finland Set To Boost"
positive,"Set to Boost Local Market, Creating Jobs and Driving Economic Growth in Finland. Finnland Energy Project in Finland Set To Boost"
positive,"Set to Boost Local Market, Creating Jobs and Driving Economic Growth in Finland. Finnland Energy Project in Finland Set To Boost"
positive,"Finnish Energy Group Expands into Baltic Market, Strengthening Regional Energy Infrastructure Across Baltic Region."
positive,"Finnish Energy Group Expands into Baltic Market, Strengthening Regional Energy Infrastructure Across Baltic Region."
positive,"Set to Boost Local Market, Creating Jobs and Driving Economic Growth in Finland. Finnland Energy Project in Finland Set To Boost"
positive,"Set to Boost Local Market, Creating Jobs and Driving Economic Growth in Finland. Finnland Energy Project in Finland Set To Boost"
positive,Based in the Baltic Region Report Record Profits Amid Strong Demand for Green Energy Solutions Across Baltic Region. Baltic Companies Based in Baltic Region
positive,"Finnish Energy Group Expands into Baltic Market, Strengthening Regional Energy Infrastructure Across Baltic Region."
positive,"Innovative Mobile Devices, Strengthening Market Position in the Baltic Region. Finnish Company Launches Innovative Mobile Products, Developing Market Position"
negative,"Energy Project in Finland Delayed Due to Regulatory Challenges, Affecting Investor Confidence. The Finnish Renewable Energy Project"
negative,Expansion Plans Amid Declining Demand for Local Products - Finnish Company to Scale Back Expanding Plans amid Declining
negative,"Finnish Mobile Company Faces Declining Sales in Baltic Market, Struggling to Compete with Global Giants."
negative,"Energy Project in Finland Delayed Due to Regulatory Challenges, Affecting Investor Confidence. The Finnish Renewable Energy Project"
negative,in Finland Faces Backlash as Consumers Reject New Features. Mobile Product Launch in Finland Fails to Face Backlash As Consumers
negative,"Energy Project in Finland Delayed Due to Regulatory Challenges, Affecting Investor Confidence. The Finnish Renewable Energy Project"
negative,in Finland Faces Backlash as Consumers Reject New Features. Mobile Product Launch in Finland Fails to Face Backlash As Consumers
negative,Baltic Region Reports Losses as Economic Uncertainty Affects Market Performance. Baltic Region report losses as economic uncertainty A
negative,in Finland Faces Backlash as Consumers Reject New Features. Mobile Product Launch in Finland Fails to Face Backlash As Consumers
negative,"Finnish Mobile Company Faces Declining Sales in Baltic Market, Struggling to Compete with Global Giants."
negative,"Finnish Mobile Company Faces Declining Sales in Baltic Market, Struggling to Compete with Global Giants."
negative,"Finnish Mobile Company Faces Declining Sales in Baltic Market, Struggling to Compete with Global Giants."
negative,Expansion Plans Amid Declining Demand for Local Products - Finnish Company to Scale Back Expanding Plans amid Declining
negative,"Finnish Mobile Company Faces Declining Sales in Baltic Market, Struggling to Compete with Global Giants. Finn Mobile Faces De"
negative,"Finnish Mobile Company Faces Declining Sales in Baltic Market, Struggling to Compete with Global Giants, Facing Declining"
neutral,"Finnish Energy Project in Finland Moves Forward with Local Partnerships, Targeting Long-Term Market Growth. Finnland’s Clean Energy"
neutral,"Finnish Energy Project in Finland Moves Forward with Local Partnerships, Targeting Long-Term Market Growth. Finnland’s Clean Energy"
neutral,in Finland and the Baltic Discuss Potential Collaborative Projects in Energy Sector. Finnish and Baltic companies discuss potential collaborative projects in energy sector.
neutral,". According to Reports, Finnish Mobile Company Plans to Introduce New Products in Baltic Markets."
neutral,"Finnish Energy Project in Finland Moves Forward with Local Partnerships, Targeting Long-Term Market Growth. Finnland’s Clean Energy"
neutral,"Finnish Energy Project in Finland Moves Forward with Local Partnerships, Targeting Long-Term Market Growth. Finnland’s Clean Energy"
neutral,in Finland and the Baltic Discuss Potential Collaborative Projects in Energy Sector. Finnish and Baltic companies discuss potential collaborative projects in energy sector.
neutral,"Finnish Energy Project in Finland Moves Forward with Local Partnerships, Targeting Long-Term Market Growth. Finnland’s Clean Energy"
neutral,"Finnish Energy Project in Finland Moves Forward with Local Partnerships, Targeting Long-Term Market Growth. Finnland’s Clean Energy"
neutral,in Finland and the Baltic Discuss Potential Collaborative Projects in Energy Sector. Finnish and Baltic companies discuss potential collaborative projects in energy sector.
neutral,". According to Reports, Finnish Mobile Company Plans to Introduce New Products in Baltic Markets."
neutral,"Finnish Energy Project in Finland Moves Forward with Local Partnerships, Targeting Long-Term Market Growth. Finnland’s Clean Energy"
neutral,"With New Mobile Offerings, Plans to Enter Baltic Markets. Finnish Company Expands Product Line with New Mobile Offers, Plan to Enter"
neutral,Baltic Region Companies Consider Diversification Strategies Amid Changing Market Conditions In Baltic Region Baltic Region European and Nordic Region Companies Examine Divers
neutral,"With New Mobile Offerings, Plans to Enter Baltic Markets. Finnish Company Expands Product Line with New Mobile Offers, Plan to Enter"
